"","names","contbr_city","contbr_st","n","location","lat","lon"
"1","Webb","ADDISON","TX",2," ADDISON",41.9317,-87.98896
"2","Webb","ADVANCE","NC",1," ADVANCE",37.1045,-89.91065
"3","Webb","ALBANY","CA",1," ALBANY",42.60018,-73.97356
"4","Webb","ALBUQUERQUE","NM",1," ALBUQUERQUE",35.08449,-106.65114
"5","Webb","ALEXANDRIA","VA",36," ALEXANDRIA",31.21564,29.95527
"6","Webb","ALTADENA","CA",3," ALTADENA",34.18973,-118.13118
"7","Webb","ANN ARBOR","MI",2," ANN ARBOR",42.27756,-83.74088
"8","Webb","ANNANDALE","VA",1," ANNANDALE",38.83039,-77.19637
"9","Webb","ANNAPOLIS","MD",2," ANNAPOLIS",38.97845,-76.49218
"10","Webb","APTOS","CA",2," APTOS",36.97717,-121.8994
"11","Webb","ARDMORE","OK",1," ARDMORE",34.17426,-97.14363
"12","Webb","ARLINGTON","VA",31," ARLINGTON",32.73569,-97.10807
"13","Webb","ARROYO GRANDE","CA",1," ARROYO GRANDE",35.11859,-120.59073
"14","Webb","ASHBURN","VA",5," ASHBURN",39.04372,-77.48749
"15","Webb","ASHEVILLE","NC",4," ASHEVILLE",35.60095,-82.55402
"16","Webb","ASHLAND","OR",1," ASHLAND",40.84602,-82.27069
"17","Webb","AUGUSTA","GA",2," AUGUSTA",48.36667,10.88333
"18","Webb","AUSTIN","TX",6," AUSTIN",30.26715,-97.74306
"19","Webb","AZLE","TX",2," AZLE",32.89513,-97.54586
"20","Webb","BAINBRIDGE ISLAND","WA",4," BAINBRIDGE ISLAND",47.62621,-122.52124
"21","Webb","BALTIMORE","MD",6," BALTIMORE",39.44307,-76.61632
"22","Webb","BANGOR","ME",1," BANGOR",54.65338,-5.66895
"23","Webb","BATON ROUGE","LA",2," BATON ROUGE",30.45075,-91.15455
"24","Webb","BAY SHORE","NY",3," BAY SHORE",40.7251,-73.24539
"25","Webb","BAYFIELD","CO",1," BAYFIELD",37.22556,-107.59811
"26","Webb","BEACH HAVEN","NJ",1," BEACH HAVEN",39.55928,-74.2432
"27","Webb","BEAR CREEK","PA",2," BEAR CREEK",60.16417,-149.395
"28","Webb","BEAUFORT","SC",3," BEAUFORT",32.35706,-80.69217
"29","Webb","BEDFORD","MA",1," BEDFORD",52,-0.5
"30","Webb","BELLEVUE","WA",1," BELLEVUE",47.61038,-122.20068
"31","Webb","BELMONT","CA",1," BELMONT",40.0158,-80.98854
"32","Webb","BELMONT","MA",1," BELMONT",40.0158,-80.98854
"33","Webb","BENNINGTON","VT",1," BENNINGTON",42.87813,-73.19677
"34","Webb","BERKELEY","CA",3," BERKELEY",33.19768,-79.95099
"35","Webb","BEVERLY HILLS","CA",1," BEVERLY HILLS",34.07362,-118.40036
"36","Webb","BEVERLY HILLS","MI",1," BEVERLY HILLS",34.07362,-118.40036
"37","Webb","BIRMINGHAM","MI",1," BIRMINGHAM",52.4813678,-1.8980725
"38","Webb","BLACKSBURG","VA",2," BLACKSBURG",37.22957,-80.41394
"39","Webb","BLOCK ISLAND","RI",1," BLOCK ISLAND",41.19177,-71.5745
"40","Webb","BLUE ISLAND","IL",1," BLUE ISLAND",41.65726,-87.68005
"41","Webb","BOISE","ID",1," BOISE",43.6135,-116.20345
"42","Webb","BOSTON","MA",2," BOSTON",42.35843,-71.05977
"43","Webb","BOULDER","CO",5," BOULDER",40.01499,-105.27055
"44","Webb","BOWIE","MD",1," BOWIE",33.44576,-94.42332
"45","Webb","BREMERTON","WA",1," BREMERTON",47.56732,-122.63264
"46","Webb","BREWSTER","MA",2," BREWSTER",41.39732,-73.61707
"47","Webb","BROAD RUN","VA",1," BROAD RUN",38.82373,-77.71305
"48","Webb","BRONX","NY",1," BRONX",40.84985,-73.86641
"49","Webb","BROOKHAVEN","GA",1," BROOKHAVEN",31.57906,-90.44065
"50","Webb","BROOKLYN","NY",3," BROOKLYN",40.6501,-73.94958
"51","Webb","BROWNSVILLE","TX",1," BROWNSVILLE",25.90175,-97.49748
"52","Webb","BURKE","VA",2," BURKE",35.74952,-81.7047
"53","Webb","CAMAS","WA",2," CAMAS",37.40202,-6.03314
"54","Webb","CAMBRIDGE","MA",1," CAMBRIDGE",52.2033051,0.124862
"55","Webb","CAMP LEJEUNE","NC",1," CAMP LEJEUNE",NA,NA
"56","Webb","CAMPBELL","TX",1," CAMPBELL",38.94648,-84.3797
"57","Webb","CARLSBAD","CA",1," CARLSBAD",33.15809,-117.35059
"58","Webb","CARROLLTON","KY",1," CARROLLTON",32.95373,-96.89028
"59","Webb","CARROLLTON","VA",2," CARROLLTON",32.95373,-96.89028
"60","Webb","CASPER","WY",1," CASPER",42.86663,-106.31308
"61","Webb","CASTLE ROCK","CO",1," CASTLE ROCK",39.37221,-104.85609
"62","Webb","CECILIA","KY",1," CECILIA",30.33714,-91.85317
"63","Webb","CEDAR RAPIDS","IA",3," CEDAR RAPIDS",42.00833,-91.64407
"64","Webb","CHANHASSEN","MN",1," CHANHASSEN",44.86219,-93.53079
"65","Webb","CHAPEL HILL","NC",1," CHAPEL HILL",35.9132,-79.05584
"66","Webb","CHARLESTON","WV",2," CHARLESTON",32.77657,-79.93092
"67","Webb","CHARLOTTESVILLE","VA",3," CHARLOTTESVILLE",38.02931,-78.47668
"68","Webb","CHESTERFIELD","MO",2," CHESTERFIELD",37.37852,-77.58694
"69","Webb","CHESTERFIELD","VA",22," CHESTERFIELD",37.37852,-77.58694
"70","Webb","CHEVY CHASE","MD",4," CHEVY CHASE",38.97122,-77.07637
"71","Webb","CHICAGO","IL",2," CHICAGO",41.85003,-87.65005
"72","Webb","CHULA VISTA","CA",2," CHULA VISTA",32.64005,-117.0842
"73","Webb","CINCINNATI","OH",1," CINCINNATI",39.162,-84.45689
"74","Webb","CLARKSVILLE","MD",1," CLARKSVILLE",36.52977,-87.35945
"75","Webb","COLLEGE PARK","GA",1," COLLEGE PARK",38.98067,-76.93692
"76","Webb","COLORADO SPRINGS","CO",4," COLORADO SPRINGS",38.83388,-104.82136
"77","Webb","COLUMBIA","MD",1," COLUMBIA",4,-72
"78","Webb","COLUMBIA","SC",2," COLUMBIA",4,-72
"79","Webb","COLUMBIA","TN",1," COLUMBIA",4,-72
"80","Webb","COLUMBUS","OH",2," COLUMBUS",39.96118,-82.99879
"81","Webb","CONCORD","MA",1," CONCORD",37.97798,-122.03107
"82","Webb","COOKEVILLE","TN",2," COOKEVILLE",36.16284,-85.50164
"83","Webb","CORAM","NY",1," CORAM",40.86871,-73.00149
"84","Webb","CORTLAND","NY",1," CORTLAND",42.60118,-76.18048
"85","Webb","CROTON ON HUDSON","NY",1," CROTON ON HUDSON",41.20843,-73.89125
"86","Webb","DALLAS","TX",3," DALLAS",32.78306,-96.80667
"87","Webb","DANVILLE","CA",1," DANVILLE",36.58597,-79.39502
"88","Webb","DAYTON","NV",1," DAYTON",39.75895,-84.19161
"89","Webb","DAYTON","OH",1," DAYTON",39.75895,-84.19161
"90","Webb","DAYTONA BEACH","FL",2," DAYTONA BEACH",29.21081,-81.02283
"91","Webb","DEL RIO","TX",2," DEL RIO",29.36273,-100.89676
"92","Webb","DENVER","CO",1," DENVER",39.73915,-104.9847
"93","Webb","DPO","AP",1," DPO",-41.17695,146.35152
"94","Webb","DULLES","VA",1," DULLES",39.03761,-77.41582
"95","Webb","DULUTH","GA",1," DULUTH",46.78327,-92.10658
"96","Webb","EAST WALPOLE","MA",1," EAST WALPOLE",42.16204,-71.21061
"97","Webb","ENGLEWOOD","CO",1," ENGLEWOOD",39.64777,-104.98776
"98","Webb","ESPANOLA","NM",1," ESPANOLA",35.99113,-106.08058
"99","Webb","ESSEX","CT",2," ESSEX",51.7816441,0.3665169
"100","Webb","EUGENE","OR",8," EUGENE",44.05207,-123.08675
"101","Webb","EVERGREEN","CO",1," EVERGREEN",39.63332,-105.31721
"102","Webb","FAIRFAX","VA",6," FAIRFAX",38.83469,-77.27622
"103","Webb","FAIRLAWN","VA",1," FAIRLAWN",41.12783,-81.60984
"104","Webb","FALLS CHURCH","VA",5," FALLS CHURCH",38.88233,-77.17109
"105","Webb","FALMOUTH","ME",1," FALMOUTH",50.15441,-5.07113
"106","Webb","FAYETTEVILLE","NC",1," FAYETTEVILLE",35.05266,-78.87836
"107","Webb","FERNANDINA BEACH","FL",1," FERNANDINA BEACH",30.66968,-81.46259
"108","Webb","FOREST GROVE","OR",1," FOREST GROVE",45.51984,-123.11066
"109","Webb","FORESTVILLE","MD",2," FORESTVILLE",38.84511,-76.87497
"110","Webb","FORT LAUDERDALE","FL",1," FORT LAUDERDALE",26.12231,-80.14338
"111","Webb","FORT MYERS","FL",4," FORT MYERS",26.62168,-81.84059
"112","Webb","FORT WAYNE","IN",1," FORT WAYNE",41.1306,-85.12886
"113","Webb","FORT WORTH","TX",2," FORT WORTH",32.72541,-97.32085
"114","Webb","FPO","AP",1," FPO",26.53333,-78.7
"115","Webb","FRAMINGHAM","MA",2," FRAMINGHAM",42.27926,-71.41617
"116","Webb","FREDERICKSBURG","VA",3," FREDERICKSBURG",38.30318,-77.46054
"117","Webb","FREELAND","WA",1," FREELAND",43.52503,-84.12276
"118","Webb","GAINESVILLE","VA",3," GAINESVILLE",29.65163,-82.32483
"119","Webb","GARRETT PARK","MD",1," GARRETT PARK",39.03816,-77.09303
"120","Webb","GEORGETOWN","KY",1," GEORGETOWN",5.41123,100.33543
"121","Webb","GLEN ALLEN","VA",1," GLEN ALLEN",37.66598,-77.50637
"122","Webb","GOLD CANYON","AZ",2," GOLD CANYON",33.37145,-111.43691
"123","Webb","GRAPEVINE","TX",1," GRAPEVINE",32.93429,-97.07807
"124","Webb","GREAT FALLS","VA",1," GREAT FALLS",47.50024,-111.30081
"125","Webb","GREEN RIVER","WY",2," GREEN RIVER",41.52858,-109.46625
"126","Webb","GREENFIELD","WI",1," GREENFIELD",42.9614,-88.01259
"127","Webb","GREENSBORO","NC",2," GREENSBORO",36.07264,-79.79198
"128","Webb","HAMPTON","VA",1," HAMPTON",37.02987,-76.34522
"129","Webb","HANOVER","IL",1," HANOVER",52.37052,9.73322
"130","Webb","HARRINGTON PARK","NJ",1," HARRINGTON PARK",40.98371,-73.97986
"131","Webb","HAYMARKET","VA",2," HAYMARKET",-33.87868,151.20526
"132","Webb","HAYWARD","CA",3," HAYWARD",37.66882,-122.0808
"133","Webb","HENRICO","VA",3," HENRICO",37.45771,-77.29646
"134","Webb","HERMITAGE","TN",1," HERMITAGE",41.23339,-80.44868
"135","Webb","HERNDON","VA",5," HERNDON",38.96955,-77.3861
"136","Webb","HERTFORD","NC",1," HERTFORD",51.79588,-0.07854
"137","Webb","HEWITT","TX",1," HEWITT",31.46239,-97.19584
"138","Webb","HIGHLANDS","NC",4," HIGHLANDS",27.3434,-81.34097
"139","Webb","HINGHAM","MA",1," HINGHAM",42.24177,-70.88977
"140","Webb","HOBOKEN","NJ",1," HOBOKEN",40.74399,-74.03236
"141","Webb","HONOLULU","HI",5," HONOLULU",21.45543,-157.96138
"142","Webb","HOPKINTON","NH",1," HOPKINTON",41.46121,-71.77757
"143","Webb","HOUGHTON","MI",3," HOUGHTON",47.12187,-88.56901
"144","Webb","HOUSTON","TX",11," HOUSTON",29.76328,-95.36327
"145","Webb","HUNTINGTON","NY",1," HUNTINGTON",38.41925,-82.44515
"146","Webb","INCLINE VILLAGE","NV",1," INCLINE VILLAGE",39.2513,-119.97297
"147","Webb","IRVINE","CA",7," IRVINE",33.66946,-117.82311
"148","Webb","ISLAMORADA","FL",1," ISLAMORADA",24.9243,-80.62784
"149","Webb","ITHACA","NY",3," ITHACA",42.44063,-76.49661
"150","Webb","JACKSON","WY",1," JACKSON",39.0085,-94.34609
"151","Webb","JERSEY CITY","NJ",1," JERSEY CITY",40.72816,-74.07764
"152","Webb","KAHULUI","HI",1," KAHULUI",20.89472,-156.47
"153","Webb","KAILUA","HI",2," KAILUA",21.40222,-157.73944
"154","Webb","KERRVILLE","TX",1," KERRVILLE",30.04743,-99.14032
"155","Webb","KEY LARGO","FL",1," KEY LARGO",25.08652,-80.44728
"156","Webb","KILL DEVIL HILLS","NC",1," KILL DEVIL HILLS",36.03072,-75.67601
"157","Webb","KING WILLIAM","VA",2," KING WILLIAM",37.68736,-77.01358
"158","Webb","KINGS MOUNTAIN","KY",1," KINGS MOUNTAIN",35.24513,-81.34119
"159","Webb","KINGSPORT","TN",2," KINGSPORT",36.54843,-82.56182
"160","Webb","KNOXVILLE","TN",1," KNOXVILLE",35.96064,-83.92074
"161","Webb","LA PORTE","TX",1," LA PORTE",29.66578,-95.01937
"162","Webb","LAFAYETTE","CA",1," LAFAYETTE",30.22409,-92.01984
"163","Webb","LAKE FOREST PARK","WA",1," LAKE FOREST PARK",47.75676,-122.28096
"164","Webb","LAKE MILLS","WI",1," LAKE MILLS",43.08139,-88.91177
"165","Webb","LAS VEGAS","NV",4," LAS VEGAS",36.17497,-115.13722
"166","Webb","LAUGHLINTOWN","PA",1," LAUGHLINTOWN",40.21202,-79.19781
"167","Webb","LEAGUE CITY","TX",1," LEAGUE CITY",29.50745,-95.09493
"168","Webb","LEBANON","OR",1," LEBANON",33.83333,35.83333
"169","Webb","LELAND","NC",1," LELAND",34.25628,-78.04471
"170","Webb","LEXINGTON","VA",1," LEXINGTON",33.90233,-81.27219
"171","Webb","LINDENHURST","IL",1," LINDENHURST",40.68677,-73.37345
"172","Webb","LINDENHURST","NY",1," LINDENHURST",40.68677,-73.37345
"173","Webb","LITCHFIELD","CT",1," LITCHFIELD",41.79249,-73.24532
"174","Webb","LIVERMORE","CA",2," LIVERMORE",37.68187,-121.76801
"175","Webb","LIVINGSTON","TX",2," LIVINGSTON",42.60292,-83.91153
"176","Webb","LOCUST GROVE","VA",1," LOCUST GROVE",33.34595,-84.10908
"177","Webb","LOMBARD","IL",1," LOMBARD",41.88003,-88.00784
"178","Webb","LONG BEACH","CA",1," LONG BEACH",33.76696,-118.18923
"179","Webb","LOS ALTOS","CA",1," LOS ALTOS",37.38522,-122.11413
"180","Webb","LOS ALTOS HILLS","CA",1," LOS ALTOS HILLS",37.37966,-122.13746
"181","Webb","LOS ANGELES","CA",9," LOS ANGELES",34.05223,-118.24368
"182","Webb","LOS GATOS","CA",1," LOS GATOS",37.22661,-121.97468
"183","Webb","LOS RANCHOS","NM",1," LOS RANCHOS",21.13333,-77.98333
"184","Webb","LOVETTSVILLE","VA",4," LOVETTSVILLE",39.2726,-77.63666
"185","Webb","LYNCHBURG","VA",2," LYNCHBURG",37.41375,-79.14225
"186","Webb","MADISON","CT",1," MADISON",34.76309,-86.55021
"187","Webb","MAGNOLIA","TX",1," MAGNOLIA",33.26707,-93.23933
"188","Webb","MAHWAH","NJ",1," MAHWAH",41.08871,-74.14376
"189","Webb","MALIBU","CA",1," MALIBU",34.00501,-118.81009
"190","Webb","MANASSAS","VA",3," MANASSAS",38.75095,-77.47527
"191","Webb","MARIETTA","GA",1," MARIETTA",33.9526,-84.54993
"192","Webb","MARQUETTE","MI",1," MARQUETTE",46.54354,-87.39542
"193","Webb","MARSHALL","MN",1," MARSHALL",7.113,171.236
"194","Webb","MARSHALL","VA",1," MARSHALL",7.113,171.236
"195","Webb","MARTINEZ","CA",1," MARTINEZ",38.01937,-122.13413
"196","Webb","MAYO","MD",1," MAYO",53.9,-9.25
"197","Webb","MC LEAN","VA",1," MC LEAN",NA,NA
"198","Webb","MC LEOD","MT",1," MC LEOD",NA,NA
"199","Webb","MCLEAN","VA",5," MCLEAN",40.49089,-88.84732
"200","Webb","MECHANICSVILLE","VA",1," MECHANICSVILLE",37.60876,-77.37331
"201","Webb","MEDIMONT","ID",1," MEDIMONT",47.47602,-116.60434
"202","Webb","MELBOURNE","FL",1," MELBOURNE",-37.814,144.96332
"203","Webb","MERCER ISLAND","WA",1," MERCER ISLAND",47.57065,-122.22207
"204","Webb","MIAMI BEACH","FL",1," MIAMI BEACH",25.79065,-80.13005
"205","Webb","MIDLAND","TX",1," MIDLAND",31.99735,-102.07791
"206","Webb","MIDLOTHIAN","VA",2," MIDLOTHIAN",55.833333,-3.083333
"207","Webb","MILFORD","CT",1," MILFORD",41.22232,-73.0565
"208","Webb","MILWAUKEE","WI",2," MILWAUKEE",43.0389,-87.90647
"209","Webb","MINERAL","VA",2," MINERAL",38.0107,-77.90861
"210","Webb","MONARCH BEACH","CA",1," MONARCH BEACH",NA,NA
"211","Webb","MONETA","VA",1," MONETA",33.88002,-118.31757
"212","Webb","MONTCLAIR","NJ",2," MONTCLAIR",40.82593,-74.20903
"213","Webb","MONTEREY","CA",1," MONTEREY",36.60024,-121.89468
"214","Webb","MONTGOMERY","TX",3," MONTGOMERY",39.13638,-77.20424
"215","Webb","MONTPELIER","VA",1," MONTPELIER",44.26006,-72.57539
"216","Webb","MOUNT RAINIER","MD",2," MOUNT RAINIER",38.9415,-76.96498
"217","Webb","MOUNT SAVAGE","MD",1," MOUNT SAVAGE",39.69564,-78.87974
"218","Webb","MURPHYS","CA",1," MURPHYS",38.13742,-120.45964
"219","Webb","MURRIETA","CA",1," MURRIETA",33.55391,-117.21392
"220","Webb","N LAS VEGAS","NV",1," N LAS VEGAS",36.19886,-115.1175
"221","Webb","NAPLES","FL",4," NAPLES",40.83333,14.25
"222","Webb","NEVADA CITY","CA",1," NEVADA CITY",39.26156,-121.01606
"223","Webb","NEW BRAUNFELS","TX",1," NEW BRAUNFELS",29.703,-98.12445
"224","Webb","NEW VERNON","NJ",1," NEW VERNON",40.74538,-74.49738
"225","Webb","NEW YORK","NY",17," NEW YORK",40.714269,-74.005973
"226","Webb","NEWARK","DE",2," NEWARK",40.73566,-74.17237
"227","Webb","NEWPORT NEWS","VA",5," NEWPORT NEWS",36.97876,-76.428
"228","Webb","NEWTON","MA",2," NEWTON",42.33704,-71.20922
"229","Webb","NIWOT","CO",1," NIWOT",40.10387,-105.17082
"230","Webb","NORTH BETHESDA","MD",2," NORTH BETHESDA",39.04455,-77.11887
"231","Webb","NORWICH","NY",5," NORWICH",52.62783,1.29834
"232","Webb","OAK HILL","VA",1," OAK HILL",38.9258,-77.40156
"233","Webb","OAKLAND","CA",2," OAKLAND",42.66041,-83.3858
"234","Webb","OAKTON","VA",4," OAKTON",38.88095,-77.30082
"235","Webb","OCEANSIDE","CA",1," OCEANSIDE",33.19587,-117.37948
"236","Webb","OKLAHOMA CITY","OK",2," OKLAHOMA CITY",35.46756,-97.51643
"237","Webb","OLD CHATHAM","NY",1," OLD CHATHAM",42.44064,-73.56178
"238","Webb","OLD LYME","CT",4," OLD LYME",41.31593,-72.32897
"239","Webb","OSPREY","FL",1," OSPREY",27.19616,-82.49037
"240","Webb","OXFORD","GA",6," OXFORD",51.75222,-1.25596
"241","Webb","PALMYRA","VA",1," PALMYRA",34.56077,38.28055
"242","Webb","PALO ALTO","CA",8," PALO ALTO",37.44188,-122.14302
"243","Webb","PALOS VERDES PENINSULA","CA",1," PALOS VERDES PENINSULA",33.77085,-118.37868
"244","Webb","PARADISE VALLEY","AZ",1," PARADISE VALLEY",33.53115,-111.94265
"245","Webb","PASADENA","CA",1," PASADENA",29.69106,-95.2091
"246","Webb","PASCO","WA",1," PASCO",28.30674,-82.43887
"247","Webb","PENSACOLA","FL",6," PENSACOLA",30.42131,-87.21691
"248","Webb","PHILADELPHIA","PA",1," PHILADELPHIA",39.95234,-75.16379
"249","Webb","PHILO","CA",2," PHILO",40.00698,-88.1581
"250","Webb","PINE MOUNTAIN CLUB","CA",1," PINE MOUNTAIN CLUB",34.84637,-119.14955
"251","Webb","PITTSBORO","NC",2," PITTSBORO",35.72015,-79.17724
"252","Webb","PITTSBURGH","PA",1," PITTSBURGH",40.44062,-79.99589
"253","Webb","PLAINFIELD","IL",1," PLAINFIELD",40.61682,-74.41727
"254","Webb","PLANO","TX",7," PLANO",33.01984,-96.69889
"255","Webb","PLEASANT GARDEN","NC",1," PLEASANT GARDEN",35.96208,-79.76225
"256","Webb","PORTLAND","OR",7," PORTLAND",45.52345,-122.67621
"257","Webb","POTOMAC","MD",1," POTOMAC",39.01817,-77.20859
"258","Webb","POULSBO","WA",1," POULSBO",47.73593,-122.64654
"259","Webb","POWELLS POINT","NC",1," POWELLS POINT",36.15738,-75.8588
"260","Webb","PRINCETON","NJ",1," PRINCETON",25.53844,-80.40894
"261","Webb","PROVIDENCE","RI",3," PROVIDENCE",41.87136,-71.5786
"262","Webb","PUNGOTEAGUE","VA",1," PUNGOTEAGUE",37.63041,-75.81354
"263","Webb","PUYALLUP","WA",2," PUYALLUP",47.18538,-122.2929
"264","Webb","RADNOR","PA",1," RADNOR",40.04622,-75.35991
"265","Webb","RAPHINE","VA",2," RAPHINE",37.93735,-79.23281
"266","Webb","REDWOOD CITY","CA",2," REDWOOD CITY",37.48522,-122.23635
"267","Webb","RENO","NV",1," RENO",39.52963,-119.8138
"268","Webb","RESTON","VA",2," RESTON",38.96872,-77.3411
"269","Webb","RICHMOND","VA",9," RICHMOND",40.58344,-74.14959
"270","Webb","RIDGWAY","CO",3," RIDGWAY",41.42034,-78.72864
"271","Webb","RIVERSIDE","CA",1," RIVERSIDE",33.95335,-117.39616
"272","Webb","ROANOKE","VA",1," ROANOKE",37.27097,-79.94143
"273","Webb","ROCKAWAY BEACH","OR",1," ROCKAWAY BEACH",45.61344,-123.94291
"274","Webb","ROCKVILLE","MD",1," ROCKVILLE",39.084,-77.15276
"275","Webb","ROSEMARY BEACH","FL",1," ROSEMARY BEACH",41.98199,-86.56363
"276","Webb","ROSS","CA",1," ROSS",39.33763,-83.05703
"277","Webb","ROSWELL","GA",2," ROSWELL",34.02316,-84.36159
"278","Webb","RUMSEY","CA",1," RUMSEY",41.14667,-95.99363
"279","Webb","SACRAMENTO","CA",1," SACRAMENTO",38.58157,-121.4944
"280","Webb","SAINT HELENA","CA",1," SAINT HELENA",-15.95,-5.7
"281","Webb","SAINT LOUIS","MO",3," SAINT LOUIS",38.64068,-90.44341
"282","Webb","SAINT PETERSBURG","FL",1," SAINT PETERSBURG",59.89444,30.26417
"283","Webb","SALMON","ID",1," SALMON",45.17575,-113.8959
"284","Webb","SAMMAMISH","WA",1," SAMMAMISH",47.64177,-122.0804
"285","Webb","SAN ANTONIO","TX",7," SAN ANTONIO",29.42412,-98.49363
"286","Webb","SAN DIEGO","CA",4," SAN DIEGO",32.71533,-117.15726
"287","Webb","SAN FRANCISCO","CA",9," SAN FRANCISCO",37.77493,-122.41942
"288","Webb","SAN JOSE","CA",1," SAN JOSE",37.33939,-121.89496
"289","Webb","SAN LUIS OBISPO","CA",1," SAN LUIS OBISPO",35.28275,-120.65962
"290","Webb","SAN MARINO","CA",1," SAN MARINO",43.9367,12.4463
"291","Webb","SANTA ANA","CA",3," SANTA ANA",14.5243,121.0792
"292","Webb","SANTA CLARITA","CA",1," SANTA CLARITA",34.39166,-118.54259
"293","Webb","SANTA MONICA","CA",2," SANTA MONICA",34.01945,-118.49119
"294","Webb","SANTA ROSA","CA",1," SANTA ROSA",14.31222,121.11139
"295","Webb","SARATOGA","CA",2," SARATOGA",43.10738,-73.8639
"296","Webb","SARTELL","MN",1," SARTELL",45.62163,-94.20694
"297","Webb","SCARSDALE","NY",1," SCARSDALE",41.0051,-73.78458
"298","Webb","SCHERTZ","TX",1," SCHERTZ",29.55217,-98.26973
"299","Webb","SCHILLER PARK","IL",2," SCHILLER PARK",41.95586,-87.8709
"300","Webb","SEATAC","WA",1," SEATAC",47.44846,-122.29217
"301","Webb","SEATTLE","WA",3," SEATTLE",47.60621,-122.33207
"302","Webb","SEMINOLE","AL",2," SEMINOLE",28.71698,-81.2363
"303","Webb","SILVER SPRING","MD",1," SILVER SPRING",38.99067,-77.02609
"304","Webb","SIOUX FALLS","SD",4," SIOUX FALLS",43.54997,-96.70033
"305","Webb","SOMERVILLE","AL",1," SOMERVILLE",42.3876,-71.0995
"306","Webb","SOUTH EASTON","MA",1," SOUTH EASTON",40.67982,-75.21212
"307","Webb","SOUTH GLASTONBURY","CT",1," SOUTH GLASTONBURY",41.66704,-72.59676
"308","Webb","SOUTHLAKE","TX",1," SOUTHLAKE",32.94124,-97.13418
"309","Webb","SPOTSYLVANIA","VA",7," SPOTSYLVANIA",38.18502,-77.65597
"310","Webb","SPRINGFIELD","VA",5," SPRINGFIELD",37.21533,-93.29824
"311","Webb","ST PETE BEACH","FL",1," ST PETE BEACH",27.72531,-82.74121
"312","Webb","STAMFORD","CT",1," STAMFORD",41.05343,-73.53873
"313","Webb","STATEN ISLAND","NY",2," STATEN ISLAND",40.56233,-74.13986
"314","Webb","STERLING","VA",1," STERLING",39.00622,-77.4286
"315","Webb","SUMMERVILLE","SC",1," SUMMERVILLE",33.0185,-80.17565
"316","Webb","SUN CITY CENTER","FL",1," SUN CITY CENTER",27.71809,-82.35176
"317","Webb","SUN CITY WEST","AZ",1," SUN CITY WEST",33.66198,-112.34127
"318","Webb","SUNAPEE","NH",1," SUNAPEE",43.38757,-72.08786
"319","Webb","SUNNYVALE","CA",1," SUNNYVALE",37.36883,-122.03635
"320","Webb","SWOYERSVILLE","PA",2," SWOYERSVILLE",41.29175,-75.87464
"321","Webb","TACOMA","WA",1," TACOMA",47.25288,-122.44429
"322","Webb","TAKOMA PARK","MD",1," TAKOMA PARK",38.97789,-77.00748
"323","Webb","TALLAHASSEE","FL",1," TALLAHASSEE",30.43826,-84.28073
"324","Webb","TAMPA","FL",1," TAMPA",27.94752,-82.45843
"325","Webb","THE VILLAGES","FL",1," THE VILLAGES",28.93408,-81.95994
"326","Webb","THORNTOWN","IN",1," THORNTOWN",40.12948,-86.60667
"327","Webb","THOUSAND OAKS","CA",1," THOUSAND OAKS",34.17056,-118.83759
"328","Webb","TIBURON","CA",2," TIBURON",37.87354,-122.45664
"329","Webb","TIGARD","OR",1," TIGARD",45.43123,-122.77149
"330","Webb","TILGHMAN","MD",10," TILGHMAN",38.71706,-76.33439
"331","Webb","TOPANGA","CA",2," TOPANGA",34.08927,-118.60436
"332","Webb","TOWSON","MD",1," TOWSON",39.4015,-76.60191
"333","Webb","TROY","VA",1," TROY",42.60559,-83.14993
"334","Webb","TUCSON","AZ",1," TUCSON",32.22174,-110.92648
"335","Webb","VANCOUVER","WA",1," VANCOUVER",49.24966,-123.11934
"336","Webb","VASHON","WA",1," VASHON",47.44732,-122.45985
"337","Webb","VENTURA","CA",1," VENTURA",34.27834,-119.29317
"338","Webb","VERO BEACH","FL",1," VERO BEACH",27.63864,-80.39727
"339","Webb","VIENNA","VA",5," VIENNA",48.20849,16.37208
"340","Webb","VIRGINIA BEACH","VA",3," VIRGINIA BEACH",36.85293,-75.97798
"341","Webb","WAKE FOREST","NC",1," WAKE FOREST",35.97987,-78.50972
"342","Webb","WALTHAM","MA",1," WALTHAM",42.37649,-71.23561
"343","Webb","WARRENTON","VA",2," WARRENTON",-28.11396,24.84753
"344","Webb","WASHINGTON","CT",1," WASHINGTON",47.50012,-120.50147
"345","Webb","WASHINGTON","DC",22," WASHINGTON",47.50012,-120.50147
"346","Webb","WAYNESBORO","VA",1," WAYNESBORO",38.06847,-78.88947
"347","Webb","WEST CHESTER","PA",1," WEST CHESTER",39.96066,-75.60549
"348","Webb","WEST HARTFORD","CT",1," WEST HARTFORD",41.76204,-72.74204
"349","Webb","WEST PALM BEACH","FL",1," WEST PALM BEACH",26.71534,-80.05337
"350","Webb","WEST POINT","VA",1," WEST POINT",33.60762,-88.65033
"351","Webb","WESTLAKE","OH",1," WESTLAKE",41.45532,-81.91792
"352","Webb","WESTPORT","CT",1," WESTPORT",41.14149,-73.3579
"353","Webb","WESTWOOD","MA",1," WESTWOOD",42.21399,-71.2245
"354","Webb","WHITE PLAINS","NY",5," WHITE PLAINS",41.03399,-73.76291
"355","Webb","WILLIAMSBURG","VA",2," WILLIAMSBURG",40.71427,-73.95347
"356","Webb","WILMETTE","IL",1," WILMETTE",42.07225,-87.72284
"357","Webb","WILMINGTON","DE",2," WILMINGTON",34.22573,-77.94471
"358","Webb","WINCHESTER","VA",1," WINCHESTER",51.06513,-1.3187
"359","Webb","WINSTON SALEM","NC",4," WINSTON SALEM",36.09986,-80.24422
"360","Webb","WOODBRIDGE","VA",1," WOODBRIDGE",40.5576,-74.28459
"361","Webb","WOODLAND","PA",1," WOODLAND",38.67852,-121.7733
"362","Webb","WOODSIDE","CA",2," WOODSIDE",37.42994,-122.25386
"363","Webb","WOOLWICH","ME",2," WOOLWICH",43.91869,-69.80116
"364","Webb","WOOSTER","OH",3," WOOSTER",40.80506,-81.93514
"365","Webb","YARMOUTH","ME",1," YARMOUTH",52.60831,1.73052
"366","Webb","YOE","PA",1," YOE",39.90899,-76.63691
